country,code,indicator,1992,1993,1994,1995,1996,1997,1998,1999,2000,2001,2002,2003,2004,2005,2006,2007,2008,2009,2010,2011,2012,2013,2014,2015,2016,2017,2018,2019,2020
Canada,CAN,"UIS: Mean years of schooling (ISCED 1 or higher), population 25+ years, male",..,..,..,..,..,..,..,..,..,12.41921,..,..,..,..,13.01757,..,..,..,..,13.20592,..,..,..,..,13.25971,..,..,..,..
Afghanistan,AFG,"UIS: Mean years of schooling (ISCED 1 or higher), population 25+ years, male",..,..,..,..,..,..,..,..,..,..,..,..,..,..,..,..,..,..,..,..,..,..,..,..,..,..,..,..,..
Albania,ALB,"UIS: Mean years of schooling (ISCED 1 or higher), population 25+ years, male",..,..,..,..,..,..,..,..,..,9.32291,..,..,..,..,..,..,9.70867,..,..,10.33097,10.36471,..,..,..,..,..,..,..,..
Algeria,DZA,"UIS: Mean years of schooling (ISCED 1 or higher), population 25+ years, male",..,..,..,..,..,..,..,..,..,..,..,..,..,..,..,..,8.22392,..,..,..,..,..,..,..,..,..,..,..,..
American Samoa,ASM,"UIS: Mean years of schooling (ISCED 1 or higher), population 25+ years, male",..,..,..,..,..,..,..,..,..,..,..,..,..,..,..,..,..,..,..,..,..,..,..,..,..,..,..,..,..
Andorra,AND,"UIS: Mean years of schooling (ISCED 1 or higher), population 25+ years, male",..,..,..,..,..,..,..,..,..,..,..,10.11029,10.59517,9.96462,10.22823,..,..,..,..,..,..,..,10.64441,10.57635,10.56401,..,..,..,..
Angola,AGO,"UIS: Mean years of schooling (ISCED 1 or higher), population 25+ years, male",..,..,..,..,..,..,..,..,..,..,..,..,..,..,..,..,..,..,..,..,..,..,4.95799,..,..,..,..,..,..
Antigua and Barbuda,ATG,"UIS: Mean years of schooling (ISCED 1 or higher), population 25+ years, male",..,..,..,..,..,..,..,..,..,..,..,..,..,..,..,..,..,..,..,..,..,..,..,..,..,..,..,..,..
Arab World,ARB,"UIS: Mean years of schooling (ISCED 1 or higher), population 25+ years, male",..,..,..,..,..,..,..,..,..,..,..,..,..,..,..,..,..,..,..,..,..,..,..,..,..,..,..,..,..
Argentina,ARG,"UIS: Mean years of schooling (ISCED 1 or higher), population 25+ years, male",..,..,..,..,..,..,..,..,..,8.66949,..,9.72346,..,..,10.20164,..,10.39876,10.49547,10.59208,10.69722,10.68659,10.82681,10.80168,10.80888,10.83777,..,10.94502,..,..
Armenia,ARM,"UIS: Mean years of schooling (ISCED 1 or higher), population 25+ years, male",..,..,..,..,..,..,..,..,..,10.57222,..,..,..,..,..,..,..,..,..,11.31423,..,..,..,11.69459,..,11.30585,..,..,..
Aruba,ABW,"UIS: Mean years of schooling (ISCED 1 or higher), population 25+ years, male",..,..,..,..,..,..,..,..,8.93753,..,..,..,..,..,..,..,..,..,8.47793,..,..,..,..,..,..,..,..,..,..
Australia,AUS,"UIS: Mean years of schooling (ISCED 1 or higher), population 25+ years, male",..,..,..,..,..,..,..,..,..,..,..,..,11.93582,11.96301,12.01275,12.09753,12.26727,12.31448,12.34035,12.39005,12.61996,12.01944,12.22585,12.28096,12.37546,12.32045,12.43492,..,..
Austria,AUT,"UIS: Mean years of schooling (ISCED 1 or higher), population 25+ years, male",..,..,..,..,..,..,..,..,..,..,..,..,..,12.01947,..,12.06237,12.09947,12.14536,12.15625,12.16122,12.19072,12.20025,12.42884,12.46493,12.47828,12.49718,..,..,..
Azerbaijan,AZE,"UIS: Mean years of schooling (ISCED 1 or higher), population 25+ years, male",..,..,..,..,..,..,..,10.41692,..,..,..,..,..,..,..,10.79378,10.80137,10.8049,10.79917,10.79847,10.80682,10.81234,10.81629,10.81695,10.8936,10.8944,..,..,..
"Bahamas, The",BHS,"UIS: Mean years of schooling (ISCED 1 or higher), population 25+ years, male",..,..,..,..,..,..,..,..,10.80504,..,..,..,..,..,..,..,..,..,11.71435,..,..,..,..,..,..,..,..,..,..
Bahrain,BHR,"UIS: Mean years of schooling (ISCED 1 or higher), population 25+ years, male",..,..,..,..,..,..,..,..,..,9.13532,..,..,..,..,..,..,..,..,8.03948,..,..,..,..,..,9.44099,9.72027,10.52958,..,..
Bangladesh,BGD,"UIS: Mean years of schooling (ISCED 1 or higher), population 25+ years, male",..,..,..,..,..,..,..,..,..,5.00275,..,..,..,..,..,..,..,..,..,6.00875,6.08224,5.74734,5.80048,6.63524,6.78132,6.90503,6.99896,7.14094,..
Barbados,BRB,"UIS: Mean years of schooling (ISCED 1 or higher), population 25+ years, male",..,..,..,..,..,..,..,..,8.90166,..,..,..,..,..,..,..,..,..,..,..,..,..,..,..,..,..,..,..,..
Belarus,BLR,"UIS: Mean years of schooling (ISCED 1 or higher), population 25+ years, male",..,..,..,..,..,..,..,..,..,..,..,..,..,..,..,..,..,11.48874,..,..,..,..,..,..,..,..,..,..,..
Belgium,BEL,"UIS: Mean years of schooling (ISCED 1 or higher), population 25+ years, male",..,..,..,..,..,..,..,..,..,..,..,..,..,..,11.28237,..,11.4472,11.55278,11.61493,11.6566,11.68096,11.86654,11.99596,12.19611,12.28219,12.5176,..,..,..
Belize,BLZ,"UIS: Mean years of schooling (ISCED 1 or higher), population 25+ years, male",..,..,..,..,..,..,..,..,..,..,..,..,..,7.6684,..,..,..,..,10.49129,..,..,..,..,..,..,..,..,..,..
Benin,BEN,"UIS: Mean years of schooling (ISCED 1 or higher), population 25+ years, male",..,..,..,..,..,..,..,..,..,..,3.57666,..,..,..,..,..,..,..,..,..,..,..,..,..,..,..,..,..,..
Bermuda,BMU,"UIS: Mean years of schooling (ISCED 1 or higher), population 25+ years, male",..,..,..,..,..,..,..,..,12.74159,..,..,..,..,..,..,..,..,..,10.37681,..,..,..,..,..,12.12384,..,..,..,..
Bhutan,BTN,"UIS: Mean years of schooling (ISCED 1 or higher), population 25+ years, male",..,..,..,..,..,..,..,..,..,..,..,..,..,..,..,..,..,..,..,..,2.98856,..,..,..,..,4.79342,..,..,..
Bolivia,BOL,"UIS: Mean years of schooling (ISCED 1 or higher), population 25+ years, male",7.37612,..,..,..,..,..,..,..,..,8.34545,..,..,..,..,7.80086,..,8.16595,8.47627,..,..,8.64632,..,..,9.42212,..,..,..,..,..
Bosnia and Herzegovina,BIH,"UIS: Mean years of schooling (ISCED 1 or higher), population 25+ years, male",..,..,..,..,..,..,..,..,..,..,..,..,..,..,..,..,..,..,8.17594,8.28774,..,..,10.23194,10.24624,10.86624,..,10.85816,..,..
Botswana,BWA,"UIS: Mean years of schooling (ISCED 1 or higher), population 25+ years, male",..,..,..,..,..,..,..,..,..,..,..,..,..,..,..,..,..,..,..,..,..,..,..,..,..,..,..,..,..
Brazil,BRA,"UIS: Mean years of schooling (ISCED 1 or higher), population 25+ years, male",..,..,..,..,..,..,..,..,..,..,..,..,5.92829,..,6.25586,6.43248,6.59531,6.69225,7.46755,6.89803,7.09856,7.14963,7.23203,7.36825,7.52919,7.62422,7.74927,..,..
British Virgin Islands,VGB,"UIS: Mean years of schooling (ISCED 1 or higher), population 25+ years, male",..,..,..,..,..,..,..,..,..,..,..,..,..,..,..,..,..,..,..,..,..,..,..,..,..,..,..,..,..
Brunei Darussalam,BRN,"UIS: Mean years of schooling (ISCED 1 or higher), population 25+ years, male",..,..,..,..,..,..,..,..,..,..,..,..,..,..,..,..,..,..,..,11.78021,..,..,..,..,..,..,..,..,..
Bulgaria,BGR,"UIS: Mean years of schooling (ISCED 1 or higher), population 25+ years, male",7.50088,..,..,..,..,..,..,..,..,10.20855,..,..,..,..,10.53948,10.6667,10.69547,10.72627,10.7815,10.84131,10.94082,11.03837,11.05104,11.17374,11.20975,11.23978,..,..,..
Burkina Faso,BFA,"UIS: Mean years of schooling (ISCED 1 or higher), population 25+ years, male",..,..,..,..,..,..,..,..,..,..,..,..,..,..,1.87264,0.86775,..,..,..,..,..,..,1.88431,..,..,..,..,..,..
Burundi,BDI,"UIS: Mean years of schooling (ISCED 1 or higher), population 25+ years, male",..,..,..,..,..,..,..,..,..,..,..,..,..,..,..,..,2.90648,..,..,..,..,..,2.5364,..,..,3.45818,..,..,..
Cabo Verde,CPV,"UIS: Mean years of schooling (ISCED 1 or higher), population 25+ years, male",..,..,..,..,..,..,..,..,..,..,..,..,..,..,..,..,..,..,..,..,..,..,..,6.13935,..,..,..,..,..
Cambodia,KHM,"UIS: Mean years of schooling (ISCED 1 or higher), population 25+ years, male",..,..,..,..,..,..,..,..,..,..,..,..,..,..,..,5.03987,4.93125,5.02176,..,..,..,..,4.56417,4.76645,..,..,..,..,..
Cameroon,CMR,"UIS: Mean years of schooling (ISCED 1 or higher), population 25+ years, male",..,..,..,..,..,..,..,..,..,..,..,..,..,..,..,..,..,..,6.6162,..,..,..,..,..,..,..,..,..,..
Caribbean small states,CSS,"UIS: Mean years of schooling (ISCED 1 or higher), population 25+ years, male",..,..,..,..,..,..,..,..,..,..,..,..,..,..,..,..,..,..,..,..,..,..,..,..,..,..,..,..,..
Cayman Islands,CYM,"UIS: Mean years of schooling (ISCED 1 or higher), population 25+ years, male",..,..,..,..,..,..,..,..,..,..,..,..,11.22451,11.71655,11.5664,12.81397,12.80974,..,..,..,..,..,13.67883,13.39136,..,..,..,..,..
Central African Republic,CAF,"UIS: Mean years of schooling (ISCED 1 or higher), population 25+ years, male",..,..,..,..,..,..,..,..,..,..,..,..,..,..,..,..,..,..,..,..,..,..,..,..,..,..,..,..,..
Central Europe and the Baltics,CEB,"UIS: Mean years of schooling (ISCED 1 or higher), population 25+ years, male",..,..,..,..,..,..,..,..,..,..,..,..,..,..,..,..,..,..,..,..,..,..,..,..,..,..,..,..,..
Chad,TCD,"UIS: Mean years of schooling (ISCED 1 or higher), population 25+ years, male",..,..,..,..,..,..,..,..,..,..,..,..,2.20774,..,..,..,..,2.69185,..,..,..,..,..,..,..,..,..,..,..
Channel Islands,CHI,"UIS: Mean years of schooling (ISCED 1 or higher), population 25+ years, male",..,..,..,..,..,..,..,..,..,..,..,..,..,..,..,..,..,..,..,..,..,..,..,..,..,..,..,..,..
Chile,CHL,"UIS: Mean years of schooling (ISCED 1 or higher), population 25+ years, male",..,..,..,..,..,..,..,..,..,..,..,..,9.76223,..,..,9.89482,10.25715,..,9.96788,9.72013,..,10.63009,..,10.41543,..,10.7104,..,..,..
China,CHN,"UIS: Mean years of schooling (ISCED 1 or higher), population 25+ years, male",..,..,..,..,..,..,..,..,6.56547,..,..,..,..,..,..,..,..,..,7.19333,..,..,..,..,..,..,..,..,..,..
Colombia,COL,"UIS: Mean years of schooling (ISCED 1 or higher), population 25+ years, male",..,..,..,..,..,..,..,..,..,..,..,..,7.16038,7.3422,6.82745,7.15081,7.29205,7.17478,7.33009,7.44012,7.54225,7.70563,7.85184,7.914,8.06313,..,8.30178,..,..
Comoros,COM,"UIS: Mean years of schooling (ISCED 1 or higher), population 25+ years, male",..,..,..,..,..,..,..,..,..,..,..,..,..,..,..,..,..,..,..,..,..,..,..,..,..,..,..,..,..
"Congo, Dem. Rep.",COD,"UIS: Mean years of schooling (ISCED 1 or higher), population 25+ years, male",..,..,..,..,..,..,..,..,..,..,..,..,..,..,..,..,..,..,..,..,..,7.67626,..,..,8.37484,..,..,..,..
"Congo, Rep.",COG,"UIS: Mean years of schooling (ISCED 1 or higher), population 25+ years, male",..,..,..,..,..,..,..,..,..,..,..,..,..,..,..,..,..,..,..,..,..,..,..,..,..,..,..,..,..
Costa Rica,CRI,"UIS: Mean years of schooling (ISCED 1 or higher), population 25+ years, male",..,..,..,..,..,..,..,..,..,..,..,..,..,..,..,8.14257,8.41093,8.50611,8.32439,8.44503,8.5079,..,8.77252,8.51083,8.49678,..,8.61567,..,..
Cote d'Ivoire,CIV,"UIS: Mean years of schooling (ISCED 1 or higher), population 25+ years, male",..,..,..,..,..,..,7.19528,..,..,..,..,..,..,..,..,..,..,..,..,..,..,..,5.20618,..,..,..,..,..,..
Croatia,HRV,"UIS: Mean years of schooling (ISCED 1 or higher), population 25+ years, male",..,..,..,..,..,..,..,..,..,10.84397,..,..,..,..,..,..,..,..,..,11.75478,..,..,..,..,..,..,..,..,..
Cuba,CUB,"UIS: Mean years of schooling (ISCED 1 or higher), population 25+ years, male",..,..,..,..,..,..,..,..,..,..,10.12693,..,..,..,..,..,..,..,..,..,11.54363,..,..,..,..,..,..,..,..
Curacao,CUW,"UIS: Mean years of schooling (ISCED 1 or higher), population 25+ years, male",..,..,..,..,..,..,..,..,..,..,..,..,..,..,..,..,..,..,..,..,..,..,..,..,..,..,..,..,..
Cyprus,CYP,"UIS: Mean years of schooling (ISCED 1 or higher), population 25+ years, male",9.3779,..,..,..,..,..,..,..,..,..,..,..,10.99984,11.10611,11.3272,11.59772,11.67859,11.66107,11.83545,11.91828,12.10016,12.30245,12.11058,12.09213,12.26718,..,12.42867,..,..
Czechia,CZE,"UIS: Mean years of schooling (ISCED 1 or higher), population 25+ years, male",..,..,..,..,..,..,..,..,..,..,..,..,..,..,12.52907,12.53813,12.56437,12.64197,12.7281,12.78345,12.79806,12.85533,12.89269,12.89289,12.95543,13.0049,..,..,..
Denmark,DNK,"UIS: Mean years of schooling (ISCED 1 or higher), population 25+ years, male",..,..,11.73831,11.82047,..,..,..,..,..,..,..,12.98901,12.8762,..,..,12.70219,12.71513,12.35178,12.51088,12.49443,12.66725,12.20739,12.63642,12.47054,12.6494,..,12.64724,..,..
Djibouti,DJI,"UIS: Mean years of schooling (ISCED 1 or higher), population 25+ years, male",..,..,..,..,..,..,..,..,..,..,..,..,..,..,..,..,..,..,..,..,..,..,..,..,..,..,..,..,..
Dominica,DMA,"UIS: Mean years of schooling (ISCED 1 or higher), population 25+ years, male",..,..,..,..,..,..,..,..,..,7.63375,..,..,..,..,..,..,..,..,..,..,..,..,..,..,..,..,..,..,..
Dominican Republic,DOM,"UIS: Mean years of schooling (ISCED 1 or higher), population 25+ years, male",..,..,..,..,..,..,..,..,..,..,..,..,..,..,..,7.46454,..,..,7.15105,7.2193,7.27231,7.39614,7.51413,7.50783,8.76437,..,..,..,..
Early-demographic dividend,EAR,"UIS: Mean years of schooling (ISCED 1 or higher), population 25+ years, male",..,..,..,..,..,..,..,..,..,..,..,..,..,..,..,..,..,..,..,..,..,..,..,..,..,..,..,..,..
East Asia & Pacific,EAS,"UIS: Mean years of schooling (ISCED 1 or higher), population 25+ years, male",..,..,..,..,..,..,..,..,..,..,..,..,..,..,..,..,..,..,..,..,..,..,..,..,..,..,..,..,..
East Asia & Pacific (excluding high income),EAP,"UIS: Mean years of schooling (ISCED 1 or higher), population 25+ years, male",..,..,..,..,..,..,..,..,..,..,..,..,..,..,..,..,..,..,..,..,..,..,..,..,..,..,..,..,..
East Asia & Pacific (IDA & IBRD countries),TEA,"UIS: Mean years of schooling (ISCED 1 or higher), population 25+ years, male",..,..,..,..,..,..,..,..,..,..,..,..,..,..,..,..,..,..,..,..,..,..,..,..,..,..,..,..,..
Ecuador,ECU,"UIS: Mean years of schooling (ISCED 1 or higher), population 25+ years, male",..,..,..,..,..,..,..,..,..,..,..,..,..,..,..,7.8825,7.86353,7.88194,7.99968,8.05257,8.23151,8.40027,8.45845,8.77378,8.74512,8.81634,..,..,..
"Egypt, Arab Rep.",EGY,"UIS: Mean years of schooling (ISCED 1 or higher), population 25+ years, male",..,..,..,..,..,..,..,..,..,..,..,..,..,..,7.68153,..,..,..,..,..,..,..,..,..,..,9.12329,..,..,..
El Salvador,SLV,"UIS: Mean years of schooling (ISCED 1 or higher), population 25+ years, male",4.40628,..,..,..,..,..,..,..,..,..,..,..,..,..,6.54327,6.05664,6.71409,6.71644,6.68282,6.8239,7.02537,6.83256,..,..,7.17655,7.27203,..,..,..
Equatorial Guinea,GNQ,"UIS: Mean years of schooling (ISCED 1 or higher), population 25+ years, male",..,..,..,..,..,..,..,..,..,..,..,..,..,..,..,..,..,..,..,..,..,..,..,..,..,..,..,..,..
Eritrea,ERI,"UIS: Mean years of schooling (ISCED 1 or higher), population 25+ years, male",..,..,..,..,..,..,..,..,..,..,..,..,..,..,..,..,..,..,..,..,..,..,..,..,..,..,..,..,..
Estonia,EST,"UIS: Mean years of schooling (ISCED 1 or higher), population 25+ years, male",..,..,..,..,..,..,..,..,12.06322,..,..,..,..,..,13.39438,13.4011,13.37471,13.35181,13.3565,13.42878,13.50317,13.55092,13.34502,13.41,13.46562,13.49168,13.55174,..,..
Eswatini,SWZ,"UIS: Mean years of schooling (ISCED 1 or higher), population 25+ years, male",..,..,..,..,..,..,..,..,..,..,..,..,..,..,..,..,..,..,..,..,..,..,..,..,..,..,..,..,..
Ethiopia,ETH,"UIS: Mean years of schooling (ISCED 1 or higher), population 25+ years, male",..,..,..,..,..,..,..,..,..,..,..,..,..,..,..,2.8281,..,..,..,3.25822,..,..,..,..,..,..,..,..,..
Euro area,EMU,"UIS: Mean years of schooling (ISCED 1 or higher), population 25+ years, male",..,..,..,..,..,..,..,..,..,..,..,..,..,..,..,..,..,..,..,..,..,..,..,..,..,..,..,..,..
Europe & Central Asia,ECS,"UIS: Mean years of schooling (ISCED 1 or higher), population 25+ years, male",..,..,..,..,..,..,..,..,..,..,..,..,..,..,..,..,..,..,..,..,..,..,..,..,..,..,..,..,..
Europe & Central Asia (excluding high income),ECA,"UIS: Mean years of schooling (ISCED 1 or higher), population 25+ years, male",..,..,..,..,..,..,..,..,..,..,..,..,..,..,..,..,..,..,..,..,..,..,..,..,..,..,..,..,..
Europe & Central Asia (IDA & IBRD countries),TEC,"UIS: Mean years of schooling (ISCED 1 or higher), population 25+ years, male",..,..,..,..,..,..,..,..,..,..,..,..,..,..,..,..,..,..,..,..,..,..,..,..,..,..,..,..,..
European Union,EUU,"UIS: Mean years of schooling (ISCED 1 or higher), population 25+ years, male",..,..,..,..,..,..,..,..,..,..,..,..,..,..,..,..,..,..,..,..,..,..,..,..,..,..,..,..,..
Faroe Islands,FRO,"UIS: Mean years of schooling (ISCED 1 or higher), population 25+ years, male",..,..,..,..,..,..,..,..,..,..,..,..,..,..,..,..,..,..,..,..,..,..,..,..,..,..,..,..,..
Fiji,FJI,"UIS: Mean years of schooling (ISCED 1 or higher), population 25+ years, male",..,..,..,..,8.00874,..,..,..,..,..,..,..,..,..,..,9.30318,..,..,..,..,..,..,..,..,..,10.80757,..,..,..
Finland,FIN,"UIS: Mean years of schooling (ISCED 1 or higher), population 25+ years, male",..,..,..,..,..,..,..,..,..,..,..,12.43857,..,12.51764,12.55799,12.5932,12.63468,12.67271,12.7145,12.74866,12.64911,12.49835,12.53882,12.5604,..,12.64766,..,..,..
Fragile and conflict affected situations,FCS,"UIS: Mean years of schooling (ISCED 1 or higher), population 25+ years, male",..,..,..,..,..,..,..,..,..,..,..,..,..,..,..,..,..,..,..,..,..,..,..,..,..,..,..,..,..
France,FRA,"UIS: Mean years of schooling (ISCED 1 or higher), population 25+ years, male",..,..,..,..,..,..,..,..,..,..,..,..,10.63799,10.71349,..,10.9362,11.00994,10.8513,11.15071,11.20989,11.28227,11.44742,11.56975,11.64419,11.67269,11.71352,..,..,..
French Polynesia,PYF,"UIS: Mean years of schooling (ISCED 1 or higher), population 25+ years, male",..,..,..,..,..,..,..,..,..,..,..,..,..,..,..,9.95862,..,..,..,..,..,..,..,..,..,..,..,..,..
Gabon,GAB,"UIS: Mean years of schooling (ISCED 1 or higher), population 25+ years, male",..,..,..,..,..,..,..,..,..,..,..,..,..,..,..,..,..,..,..,..,..,..,..,..,..,..,..,..,..
"Gambia, The",GMB,"UIS: Mean years of schooling (ISCED 1 or higher), population 25+ years, male",..,..,..,..,..,..,..,..,..,..,..,..,..,..,..,..,..,..,..,..,..,..,..,..,..,..,..,..,..
Georgia,GEO,"UIS: Mean years of schooling (ISCED 1 or higher), population 25+ years, male",..,..,..,..,..,..,..,..,..,..,12.09392,..,..,..,..,..,..,..,..,..,12.5966,..,12.64625,..,12.79919,12.84767,..,..,..
Germany,DEU,"UIS: Mean years of schooling (ISCED 1 or higher), population 25+ years, male",..,..,..,..,..,..,..,..,..,..,..,..,14.32389,14.24209,14.14577,14.20826,14.79045,14.33932,14.35093,14.38992,14.4193,14.42337,14.46883,14.48918,14.51569,..,14.36165,..,..
Ghana,GHA,"UIS: Mean years of schooling (ISCED 1 or higher), population 25+ years, male",..,..,..,..,..,..,..,..,..,..,..,..,..,..,..,..,..,..,8.73488,..,..,..,..,..,..,..,..,..,..
Gibraltar,GIB,"UIS: Mean years of schooling (ISCED 1 or higher), population 25+ years, male",..,..,..,..,..,..,..,..,..,..,..,..,..,..,..,..,..,..,..,..,..,..,..,..,..,..,..,..,..
Greece,GRC,"UIS: Mean years of schooling (ISCED 1 or higher), population 25+ years, male",..,..,..,..,..,..,..,..,..,..,..,..,..,10.3687,10.55328,10.59918,10.63501,..,10.67211,..,..,..,10.91194,11.01383,10.57899,..,..,..,..
Greenland,GRL,"UIS: Mean years of schooling (ISCED 1 or higher), population 25+ years, male",..,..,..,..,..,..,..,..,..,..,..,..,..,..,..,..,..,..,..,..,10.56585,..,10.58203,10.58675,..,..,10.6567,..,..
Grenada,GRD,"UIS: Mean years of schooling (ISCED 1 or higher), population 25+ years, male",..,..,..,..,..,..,..,..,..,..,..,..,..,..,..,..,..,..,..,..,..,..,..,..,..,..,..,..,..
Guam,GUM,"UIS: Mean years of schooling (ISCED 1 or higher), population 25+ years, male",..,..,..,..,..,..,..,..,..,..,..,..,..,..,..,..,..,..,..,..,..,..,..,..,..,..,..,..,..
Guatemala,GTM,"UIS: Mean years of schooling (ISCED 1 or higher), population 25+ years, male",..,..,..,..,..,..,..,..,..,..,4.38007,..,..,..,4.26205,..,..,..,..,..,5.44081,5.42345,6.68453,..,..,..,..,..,..
Guinea,GIN,"UIS: Mean years of schooling (ISCED 1 or higher), population 25+ years, male",..,..,..,..,2.17669,..,..,..,..,..,..,..,..,..,..,..,..,..,2.6659,..,..,..,2.92915,..,..,..,..,..,..
Guinea-Bissau,GNB,"UIS: Mean years of schooling (ISCED 1 or higher), population 25+ years, male",..,..,..,..,..,..,..,..,..,..,..,..,..,..,..,..,..,..,..,..,..,..,..,..,..,..,..,..,..
Guyana,GUY,"UIS: Mean years of schooling (ISCED 1 or higher), population 25+ years, male",..,..,..,..,..,..,..,..,..,..,6.04479,..,..,..,..,..,..,..,..,..,..,..,..,..,..,..,..,..,..
Haiti,HTI,"UIS: Mean years of schooling (ISCED 1 or higher), population 25+ years, male",..,..,..,..,..,..,..,..,..,..,..,..,..,..,..,..,..,..,..,..,..,..,..,..,..,..,..,..,..
Heavily indebted poor countries (HIPC),HPC,"UIS: Mean years of schooling (ISCED 1 or higher), population 25+ years, male",..,..,..,..,..,..,..,..,..,..,..,..,..,..,..,..,..,..,..,..,..,..,..,..,..,..,..,..,..
High income,HIC,"UIS: Mean years of schooling (ISCED 1 or higher), population 25+ years, male",..,..,..,..,..,..,..,..,..,..,..,..,..,..,..,..,..,..,..,..,..,..,..,..,..,..,..,..,..
Honduras,HND,"UIS: Mean years of schooling (ISCED 1 or higher), population 25+ years, male",..,..,..,..,..,..,..,..,..,..,..,..,..,..,..,4.94463,..,..,..,5.55114,5.47932,..,6.10895,6.1782,6.51738,..,6.19548,..,..
"Hong Kong SAR, China",HKG,"UIS: Mean years of schooling (ISCED 1 or higher), population 25+ years, male",..,..,..,..,10.62854,..,..,..,..,..,..,..,..,..,11.61399,..,11.80772,11.89872,11.96465,12.18772,..,..,12.42574,12.57577,..,12.74265,..,..,..
Hungary,HUN,"UIS: Mean years of schooling (ISCED 1 or higher), population 25+ years, male",..,..,..,..,..,..,..,..,..,10.78919,..,..,..,11.32347,..,..,..,12.24005,12.30203,12.08757,11.97776,12.20229,12.10653,12.16642,12.21046,..,..,..,..
IBRD only,IBD,"UIS: Mean years of schooling (ISCED 1 or higher), population 25+ years, male",..,..,..,..,..,..,..,..,..,..,..,..,..,..,..,..,..,..,..,..,..,..,..,..,..,..,..,..,..
Iceland,ISL,"UIS: Mean years of schooling (ISCED 1 or higher), population 25+ years, male",..,..,..,..,..,..,..,..,..,..,..,..,..,..,..,..,..,..,..,..,..,..,..,..,..,..,..,..,..
IDA & IBRD total,IBT,"UIS: Mean years of schooling (ISCED 1 or higher), population 25+ years, male",..,..,..,..,..,..,..,..,..,..,..,..,..,..,..,..,..,..,..,..,..,..,..,..,..,..,..,..,..
IDA blend,IDB,"UIS: Mean years of schooling (ISCED 1 or higher), population 25+ years, male",..,..,..,..,..,..,..,..,..,..,..,..,..,..,..,..,..,..,..,..,..,..,..,..,..,..,..,..,..
IDA only,IDX,"UIS: Mean years of schooling (ISCED 1 or higher), population 25+ years, male",..,..,..,..,..,..,..,..,..,..,..,..,..,..,..,..,..,..,..,..,..,..,..,..,..,..,..,..,..
IDA total,IDA,"UIS: Mean years of schooling (ISCED 1 or higher), population 25+ years, male",..,..,..,..,..,..,..,..,..,..,..,..,..,..,..,..,..,..,..,..,..,..,..,..,..,..,..,..,..
India,IND,"UIS: Mean years of schooling (ISCED 1 or higher), population 25+ years, male",..,..,..,..,..,..,..,..,..,..,..,..,..,..,..,..,..,..,..,6.54894,..,..,..,..,..,..,..,..,..
Indonesia,IDN,"UIS: Mean years of schooling (ISCED 1 or higher), population 25+ years, male",..,..,..,..,..,..,..,..,..,..,..,..,..,..,7.943,7.72073,7.69248,7.96533,..,8.09731,..,..,8.28227,8.39058,8.39674,..,8.57777,..,..
"Iran, Islamic Rep.",IRN,"UIS: Mean years of schooling (ISCED 1 or higher), population 25+ years, male",..,..,..,..,..,..,..,..,..,..,..,..,..,..,10.2707,..,9.73111,..,10.01453,..,10.0505,10.17806,10.23494,..,10.40977,..,..,..,..
Iraq,IRQ,"UIS: Mean years of schooling (ISCED 1 or higher), population 25+ years, male",..,..,..,..,..,..,..,..,..,..,..,..,..,..,..,..,..,..,..,..,..,8.3507,..,..,..,..,..,..,..
Ireland,IRL,"UIS: Mean years of schooling (ISCED 1 or higher), population 25+ years, male",..,..,..,..,..,..,..,..,..,..,..,..,..,..,..,10.27978,..,..,11.44232,10.87259,..,..,..,..,..,11.29422,..,..,..
Isle of Man,IMN,"UIS: Mean years of schooling (ISCED 1 or higher), population 25+ years, male",..,..,..,..,..,..,..,..,..,..,..,..,..,..,..,..,..,..,..,..,..,..,..,..,..,..,..,..,..
Israel,ISR,"UIS: Mean years of schooling (ISCED 1 or higher), population 25+ years, male",..,..,..,..,..,..,..,..,..,..,..,..,12.38437,..,11.66929,12.607,..,12.66731,12.71695,12.83234,12.90442,12.88746,12.9883,13.02647,..,..,..,..,..
Italy,ITA,"UIS: Mean years of schooling (ISCED 1 or higher), population 25+ years, male",..,..,..,..,..,..,..,..,..,9.12658,..,..,..,9.57547,9.6714,9.77841,9.86935,9.94725,10.02527,10.07531,10.17135,..,10.34432,10.40475,..,..,..,..,..
Jamaica,JAM,"UIS: Mean years of schooling (ISCED 1 or higher), population 25+ years, male",..,..,..,..,..,..,..,..,..,..,..,..,..,..,..,..,..,..,..,8.56486,..,..,..,..,..,..,..,..,..
Japan,JPN,"UIS: Mean years of schooling (ISCED 1 or higher), population 25+ years, male",..,..,..,..,..,..,..,..,..,..,..,..,..,..,..,..,..,..,12.72136,..,..,..,..,..,..,..,..,..,..
Jordan,JOR,"UIS: Mean years of schooling (ISCED 1 or higher), population 25+ years, male",..,..,..,..,..,..,..,..,..,..,..,6.60764,..,..,..,..,10.30858,..,10.37133,..,..,..,..,..,..,..,..,..,..
Kazakhstan,KAZ,"UIS: Mean years of schooling (ISCED 1 or higher), population 25+ years, male",..,..,..,..,..,..,..,9.66505,..,..,..,..,..,..,..,11.4513,..,10.99788,..,..,..,..,..,..,..,..,12.17751,..,..
Kenya,KEN,"UIS: Mean years of schooling (ISCED 1 or higher), population 25+ years, male",..,..,..,..,..,..,..,..,..,..,..,..,..,..,..,..,..,7.09812,6.16129,..,..,..,..,..,..,..,..,..,..
Kiribati,KIR,"UIS: Mean years of schooling (ISCED 1 or higher), population 25+ years, male",..,..,..,..,..,..,..,..,..,..,..,..,..,..,..,..,..,..,..,..,..,..,..,..,..,..,..,..,..
"Korea, Dem. People's Rep.",PRK,"UIS: Mean years of schooling (ISCED 1 or higher), population 25+ years, male",..,..,..,..,..,..,..,..,..,..,..,..,..,..,..,..,..,..,..,..,..,..,..,..,..,..,..,..,..
"Korea, Rep.",KOR,"UIS: Mean years of schooling (ISCED 1 or higher), population 25+ years, male",..,..,..,11.23645,..,..,..,..,11.65849,..,..,..,..,12.21027,..,..,..,11.86398,12.45993,..,..,..,..,12.85294,..,..,..,..,..
Kosovo,XKX,"UIS: Mean years of schooling (ISCED 1 or higher), population 25+ years, male",..,..,..,..,..,..,..,..,..,..,..,..,..,..,..,..,..,..,..,..,..,..,..,..,..,..,..,..,..
Kuwait,KWT,"UIS: Mean years of schooling (ISCED 1 or higher), population 25+ years, male",..,..,..,..,..,..,..,..,..,..,..,..,..,5.54727,5.92492,6.03633,6.18143,..,..,..,7.25577,6.34952,..,6.95754,..,6.82775,6.83248,..,..
Kyrgyz Republic,KGZ,"UIS: Mean years of schooling (ISCED 1 or higher), population 25+ years, male",..,..,..,..,..,..,..,10.29292,..,..,..,..,..,..,..,..,..,10.92942,..,..,..,..,..,..,..,..,..,..,..
Lao PDR,LAO,"UIS: Mean years of schooling (ISCED 1 or higher), population 25+ years, male",..,..,..,..,..,..,..,..,..,..,..,..,..,..,..,..,..,..,..,..,..,..,..,..,..,..,..,..,..
Late-demographic dividend,LTE,"UIS: Mean years of schooling (ISCED 1 or higher), population 25+ years, male",..,..,..,..,..,..,..,..,..,..,..,..,..,..,..,..,..,..,..,..,..,..,..,..,..,..,..,..,..
Latin America & Caribbean,LCN,"UIS: Mean years of schooling (ISCED 1 or higher), population 25+ years, male",..,..,..,..,..,..,..,..,..,..,..,..,..,..,..,..,..,..,..,..,..,..,..,..,..,..,..,..,..
Latin America & Caribbean (excluding high income),LAC,"UIS: Mean years of schooling (ISCED 1 or higher), population 25+ years, male",..,..,..,..,..,..,..,..,..,..,..,..,..,..,..,..,..,..,..,..,..,..,..,..,..,..,..,..,..
Latin America & the Caribbean (IDA & IBRD countries),TLA,"UIS: Mean years of schooling (ISCED 1 or higher), population 25+ years, male",..,..,..,..,..,..,..,..,..,..,..,..,..,..,..,..,..,..,..,..,..,..,..,..,..,..,..,..,..
Latvia,LVA,"UIS: Mean years of schooling (ISCED 1 or higher), population 25+ years, male",..,..,..,..,..,..,..,..,..,..,..,..,11.99363,12.0502,11.98449,11.94962,12.08839,12.15193,12.28292,12.28574,12.37483,12.6017,12.53762,12.52044,12.58565,..,12.59518,..,..
Least developed countries: UN classification,LDC,"UIS: Mean years of schooling (ISCED 1 or higher), population 25+ years, male",..,..,..,..,..,..,..,..,..,..,..,..,..,..,..,..,..,..,..,..,..,..,..,..,..,..,..,..,..
Lebanon,LBN,"UIS: Mean years of schooling (ISCED 1 or higher), population 25+ years, male",..,..,..,..,..,..,..,..,..,..,..,..,..,..,..,8.36675,..,..,..,..,..,..,..,..,..,..,..,..,..
Lesotho,LSO,"UIS: Mean years of schooling (ISCED 1 or higher), population 25+ years, male",..,..,..,..,..,..,..,..,..,..,..,..,..,..,5.17572,..,4.93277,..,..,..,..,..,..,..,..,..,..,..,..
Liberia,LBR,"UIS: Mean years of schooling (ISCED 1 or higher), population 25+ years, male",..,..,..,..,..,..,..,..,..,..,..,..,..,..,..,..,..,..,..,..,..,..,..,..,..,..,..,..,..
Libya,LBY,"UIS: Mean years of schooling (ISCED 1 or higher), population 25+ years, male",..,..,..,..,..,..,..,..,..,..,..,..,..,..,..,..,..,..,..,..,..,..,..,..,..,..,..,..,..
Liechtenstein,LIE,"UIS: Mean years of schooling (ISCED 1 or higher), population 25+ years, male",..,..,..,..,..,..,..,..,11.66088,..,..,..,..,..,..,..,..,..,..,..,..,..,..,..,..,..,..,..,..
Lithuania,LTU,"UIS: Mean years of schooling (ISCED 1 or higher), population 25+ years, male",..,..,..,..,..,..,..,..,..,..,..,..,..,12.09948,12.13731,12.3035,12.41624,12.3866,12.48934,12.60826,12.57865,12.76386,12.90932,13.048,13.12993,13.20145,..,..,..
Low & middle income,LMY,"UIS: Mean years of schooling (ISCED 1 or higher), population 25+ years, male",..,..,..,..,..,..,..,..,..,..,..,..,..,..,..,..,..,..,..,..,..,..,..,..,..,..,..,..,..
Low income,LIC,"UIS: Mean years of schooling (ISCED 1 or higher), population 25+ years, male",..,..,..,..,..,..,..,..,..,..,..,..,..,..,..,..,..,..,..,..,..,..,..,..,..,..,..,..,..
Lower middle income,LMC,"UIS: Mean years of schooling (ISCED 1 or higher), population 25+ years, male",..,..,..,..,..,..,..,..,..,..,..,..,..,..,..,..,..,..,..,..,..,..,..,..,..,..,..,..,..
Luxembourg,LUX,"UIS: Mean years of schooling (ISCED 1 or higher), population 25+ years, male",..,..,..,..,..,..,..,..,..,10.62365,..,11.86389,..,..,..,12.02443,..,14.25052,14.26693,14.22013,14.34183,14.4366,14.66108,13.65788,..,..,..,..,..
"Macao SAR, China",MAC,"UIS: Mean years of schooling (ISCED 1 or higher), population 25+ years, male",..,..,..,..,..,..,..,..,..,9.14395,..,..,..,..,9.24216,..,..,..,..,10.09496,..,..,..,..,10.76168,..,..,..,..
Madagascar,MDG,"UIS: Mean years of schooling (ISCED 1 or higher), population 25+ years, male",..,..,..,..,..,..,..,..,..,..,..,..,..,..,..,..,..,..,..,..,..,..,..,..,..,..,..,..,..
Malawi,MWI,"UIS: Mean years of schooling (ISCED 1 or higher), population 25+ years, male",..,..,..,..,..,..,3.57721,..,..,..,..,..,..,..,..,..,..,..,..,..,..,..,..,..,..,..,..,..,..
Malaysia,MYS,"UIS: Mean years of schooling (ISCED 1 or higher), population 25+ years, male",..,..,..,..,8.05427,..,..,..,9.0399,..,..,..,..,8.09131,..,..,..,10.1072,10.22318,..,..,..,..,..,10.47029,..,..,..,..
Maldives,MDV,"UIS: Mean years of schooling (ISCED 1 or higher), population 25+ years, male",..,..,..,..,..,..,..,..,..,..,..,..,..,..,4.04992,..,..,..,..,..,..,..,..,..,..,..,..,..,..
Mali,MLI,"UIS: Mean years of schooling (ISCED 1 or higher), population 25+ years, male",..,..,..,..,..,..,..,..,..,..,..,..,..,..,1.44563,..,..,..,..,2.73466,..,..,..,2.18912,2.08614,..,2.56047,..,..
Malta,MLT,"UIS: Mean years of schooling (ISCED 1 or higher), population 25+ years, male",..,..,..,..,..,..,..,..,8.21051,..,..,..,..,10.28057,..,10.32483,..,..,10.73855,10.95521,11.23473,11.43225,11.50648,11.56624,11.59871,..,..,..,..
Marshall Islands,MHL,"UIS: Mean years of schooling (ISCED 1 or higher), population 25+ years, male",..,..,..,..,..,..,..,..,..,..,..,..,..,..,..,..,..,..,..,11.06208,..,..,..,..,..,..,..,..,..
Mauritania,MRT,"UIS: Mean years of schooling (ISCED 1 or higher), population 25+ years, male",..,..,..,..,..,..,..,..,..,..,..,..,..,..,..,..,..,..,..,..,..,..,..,..,..,..,..,..,..
Mauritius,MUS,"UIS: Mean years of schooling (ISCED 1 or higher), population 25+ years, male",..,..,..,..,..,..,..,..,7.01567,..,..,..,..,..,..,..,..,..,..,9.10405,..,..,..,..,..,..,..,..,..
Mexico,MEX,"UIS: Mean years of schooling (ISCED 1 or higher), population 25+ years, male",..,..,..,..,..,..,..,..,7.18858,..,..,..,7.84519,7.9072,8.44695,8.4313,8.47221,8.65418,8.25287,..,8.94293,8.60963,8.62111,8.83491,8.81579,8.94763,9.12553,..,..
"Micronesia, Fed. Sts.",FSM,"UIS: Mean years of schooling (ISCED 1 or higher), population 25+ years, male",..,..,..,..,..,..,..,..,..,..,..,..,..,..,..,..,..,..,..,..,..,..,..,..,..,..,..,..,..
Middle East & North Africa,MEA,"UIS: Mean years of schooling (ISCED 1 or higher), population 25+ years, male",..,..,..,..,..,..,..,..,..,..,..,..,..,..,..,..,..,..,..,..,..,..,..,..,..,..,..,..,..
Middle East & North Africa (excluding high income),MNA,"UIS: Mean years of schooling (ISCED 1 or higher), population 25+ years, male",..,..,..,..,..,..,..,..,..,..,..,..,..,..,..,..,..,..,..,..,..,..,..,..,..,..,..,..,..
Middle East & North Africa (IDA & IBRD countries),TMN,"UIS: Mean years of schooling (ISCED 1 or higher), population 25+ years, male",..,..,..,..,..,..,..,..,..,..,..,..,..,..,..,..,..,..,..,..,..,..,..,..,..,..,..,..,..
Middle income,MIC,"UIS: Mean years of schooling (ISCED 1 or higher), population 25+ years, male",..,..,..,..,..,..,..,..,..,..,..,..,..,..,..,..,..,..,..,..,..,..,..,..,..,..,..,..,..
Moldova,MDA,"UIS: Mean years of schooling (ISCED 1 or higher), population 25+ years, male",..,..,..,..,..,..,..,..,..,..,..,..,..,..,..,11.03333,11.10714,11.16687,11.18751,11.27009,11.6186,11.66489,11.68495,11.63766,..,..,..,..,..
Monaco,MCO,"UIS: Mean years of schooling (ISCED 1 or higher), population 25+ years, male",..,..,..,..,..,..,..,..,..,..,..,..,..,..,..,..,..,..,..,..,..,..,..,..,..,..,..,..,..
Mongolia,MNG,"UIS: Mean years of schooling (ISCED 1 or higher), population 25+ years, male",..,..,..,..,..,..,..,..,9.30905,..,..,..,..,..,..,..,..,..,9.82079,..,..,..,..,..,..,..,..,..,..
Montenegro,MNE,"UIS: Mean years of schooling (ISCED 1 or higher), population 25+ years, male",..,..,..,..,..,..,..,..,..,..,..,11.42859,..,..,..,..,..,..,..,12.01108,..,..,..,..,..,..,..,..,..
Morocco,MAR,"UIS: Mean years of schooling (ISCED 1 or higher), population 25+ years, male",..,..,..,..,..,..,..,..,..,..,..,..,..,..,..,..,..,..,..,..,..,..,..,..,..,..,..,..,..
Mozambique,MOZ,"UIS: Mean years of schooling (ISCED 1 or higher), population 25+ years, male",..,..,..,..,..,..,..,..,..,..,..,..,..,..,..,..,..,..,..,3.3916,..,..,..,3.57598,..,3.89142,..,..,..
Myanmar,MMR,"UIS: Mean years of schooling (ISCED 1 or higher), population 25+ years, male",..,..,..,..,..,..,..,..,..,..,..,..,..,..,..,..,..,..,..,..,..,..,..,..,..,..,..,..,..
Namibia,NAM,"UIS: Mean years of schooling (ISCED 1 or higher), population 25+ years, male",..,..,..,..,..,..,..,..,..,5.95578,..,..,..,..,..,..,..,..,..,..,..,..,..,..,..,..,..,..,..
Nauru,NRU,"UIS: Mean years of schooling (ISCED 1 or higher), population 25+ years, male",..,..,..,..,..,..,..,..,..,..,..,..,..,..,..,..,..,..,..,..,..,..,..,..,..,..,..,..,..
Nepal,NPL,"UIS: Mean years of schooling (ISCED 1 or higher), population 25+ years, male",..,..,..,..,..,..,..,..,..,4.76054,..,..,..,..,..,..,..,..,..,4.91764,..,..,..,..,..,..,..,..,..
Netherlands,NLD,"UIS: Mean years of schooling (ISCED 1 or higher), population 25+ years, male",..,..,..,..,..,..,..,..,..,..,..,..,12.35863,12.24544,..,12.40453,12.30768,12.31782,12.39005,12.32065,12.40837,12.51445,12.53222,12.55748,12.57889,..,12.66969,..,..
New Caledonia,NCL,"UIS: Mean years of schooling (ISCED 1 or higher), population 25+ years, male",..,..,..,..,..,..,..,..,..,..,..,..,..,..,..,..,..,..,..,..,..,..,..,..,..,..,..,..,..
New Zealand,NZL,"UIS: Mean years of schooling (ISCED 1 or higher), population 25+ years, male",..,..,..,..,..,..,..,..,..,13.46109,..,..,..,..,13.44859,..,..,..,..,12.98052,12.94725,..,13.40257,13.33712,13.1737,..,..,..,..
Nicaragua,NIC,"UIS: Mean years of schooling (ISCED 1 or higher), population 25+ years, male",..,..,..,..,..,..,..,..,..,..,..,..,..,..,..,..,..,..,..,..,..,..,..,..,..,..,..,..,..
Niger,NER,"UIS: Mean years of schooling (ISCED 1 or higher), population 25+ years, male",..,..,..,..,..,..,..,..,..,..,..,..,..,..,..,..,..,..,..,..,2.29803,..,..,..,..,..,..,..,..
Nigeria,NGA,"UIS: Mean years of schooling (ISCED 1 or higher), population 25+ years, male",..,..,..,..,..,..,..,..,..,..,..,..,..,..,9.00184,..,..,..,..,..,..,..,..,..,..,..,..,..,..
North America,NAC,"UIS: Mean years of schooling (ISCED 1 or higher), population 25+ years, male",..,..,..,..,..,..,..,..,..,..,..,..,..,..,..,..,..,..,..,..,..,..,..,..,..,..,..,..,..
North Macedonia,MKD,"UIS: Mean years of schooling (ISCED 1 or higher), population 25+ years, male",..,..,..,..,..,..,..,..,..,..,7.89778,..,..,..,..,..,..,..,..,..,..,..,..,..,..,..,..,..,..
Northern Mariana Islands,MNP,"UIS: Mean years of schooling (ISCED 1 or higher), population 25+ years, male",..,..,..,..,..,..,..,..,..,..,..,..,..,..,..,..,..,..,..,..,..,..,..,..,..,..,..,..,..
Norway,NOR,"UIS: Mean years of schooling (ISCED 1 or higher), population 25+ years, male",..,..,..,..,..,..,..,..,..,..,..,..,12.29657,12.34629,12.39769,12.425,12.46559,12.48321,12.51506,12.55559,..,..,12.66079,12.70434,12.73443,12.84495,..,..,..
OECD members,OED,"UIS: Mean years of schooling (ISCED 1 or higher), population 25+ years, male",..,..,..,..,..,..,..,..,..,..,..,..,..,..,..,..,..,..,..,..,..,..,..,..,..,..,..,..,..
Oman,OMN,"UIS: Mean years of schooling (ISCED 1 or higher), population 25+ years, male",..,..,..,..,..,..,..,..,..,..,..,6.8952,..,..,..,..,8.50138,..,8.15274,..,..,..,..,9.2584,..,..,..,..,..
Other small states,OSS,"UIS: Mean years of schooling (ISCED 1 or higher), population 25+ years, male",..,..,..,..,..,..,..,..,..,..,..,..,..,..,..,..,..,..,..,..,..,..,..,..,..,..,..,..,..
Pacific island small states,PSS,"UIS: Mean years of schooling (ISCED 1 or higher), population 25+ years, male",..,..,..,..,..,..,..,..,..,..,..,..,..,..,..,..,..,..,..,..,..,..,..,..,..,..,..,..,..
Pakistan,PAK,"UIS: Mean years of schooling (ISCED 1 or higher), population 25+ years, male",..,..,..,..,..,..,..,..,..,..,..,..,..,4.01512,6.10841,..,5.9221,6.03244,6.17482,6.32866,6.18099,6.27407,6.46023,..,6.37527,6.25061,..,..,..
Palau,PLW,"UIS: Mean years of schooling (ISCED 1 or higher), population 25+ years, male",..,..,..,..,..,..,..,..,..,..,..,..,..,..,..,..,..,..,..,..,..,12.8442,..,..,..,..,..,..,..
Panama,PAN,"UIS: Mean years of schooling (ISCED 1 or higher), population 25+ years, male",..,..,..,..,..,..,..,..,7.82436,..,..,..,..,..,..,..,..,..,9.0631,..,..,..,..,..,..,..,..,..,..
Papua New Guinea,PNG,"UIS: Mean years of schooling (ISCED 1 or higher), population 25+ years, male",..,..,..,..,..,..,..,..,..,..,..,..,..,..,..,..,..,..,..,..,..,..,..,..,..,..,..,..,..
Paraguay,PRY,"UIS: Mean years of schooling (ISCED 1 or higher), population 25+ years, male",6.12337,..,..,..,..,..,..,..,..,..,..,7.06744,..,7.52859,7.27146,7.33162,7.50565,7.27969,..,..,7.83422,8.33013,8.31941,8.59321,8.38436,..,8.64422,..,..
Peru,PER,"UIS: Mean years of schooling (ISCED 1 or higher), population 25+ years, male",..,8.4951,..,..,..,..,..,..,..,..,..,..,9.17602,8.66727,8.83783,9.13127,9.13178,9.17646,9.77681,9.70786,9.90058,9.91074,9.75544,9.58847,..,..,10.25826,..,..
Philippines,PHL,"UIS: Mean years of schooling (ISCED 1 or higher), population 25+ years, male",..,..,..,..,..,..,..,..,7.65406,..,..,..,8.85935,..,..,..,8.89073,..,8.79299,..,..,8.97665,..,..,..,8.17013,..,..,..
Poland,POL,"UIS: Mean years of schooling (ISCED 1 or higher), population 25+ years, male",..,..,..,..,..,..,..,..,..,..,11.88489,..,..,..,..,..,12.13035,12.25588,12.19445,12.3995,12.6284,12.87709,12.924,..,13.00993,..,..,..,..
Portugal,PRT,"UIS: Mean years of schooling (ISCED 1 or higher), population 25+ years, male",..,..,..,..,..,..,6.82861,6.87954,6.94294,7.01638,7.06127,7.21603,7.44112,7.53491,7.63954,7.65709,7.75789,7.88756,7.96818,8.19719,8.39766,8.52868,8.92471,9.0506,9.16957,9.24818,9.14325,..,..
Post-demographic dividend,PST,"UIS: Mean years of schooling (ISCED 1 or higher), population 25+ years, male",..,..,..,..,..,..,..,..,..,..,..,..,..,..,..,..,..,..,..,..,..,..,..,..,..,..,..,..,..
Pre-demographic dividend,PRE,"UIS: Mean years of schooling (ISCED 1 or higher), population 25+ years, male",..,..,..,..,..,..,..,..,..,..,..,..,..,..,..,..,..,..,..,..,..,..,..,..,..,..,..,..,..
Puerto Rico,PRI,"UIS: Mean years of schooling (ISCED 1 or higher), population 25+ years, male",..,..,..,..,..,..,..,..,11.44584,..,..,..,..,12.55194,12.47554,12.64861,12.66769,..,..,12.22337,11.99742,..,..,..,..,12.5477,..,..,..
Qatar,QAT,"UIS: Mean years of schooling (ISCED 1 or higher), population 25+ years, male",..,..,..,..,..,..,..,..,..,..,..,..,8.0898,..,..,9.44452,9.53929,8.98635,8.27114,8.4493,8.91553,9.68853,9.54729,..,9.34187,9.36681,..,..,..
Romania,ROU,"UIS: Mean years of schooling (ISCED 1 or higher), population 25+ years, male",8.87136,..,..,..,..,..,..,..,..,..,10.33634,..,..,..,..,11.10729,11.14164,11.12204,11.15124,11.24351,11.30491,11.34327,11.35036,11.29553,11.37379,11.40741,..,..,..
Russian Federation,RUS,"UIS: Mean years of schooling (ISCED 1 or higher), population 25+ years, male",..,..,..,..,..,..,..,..,..,..,11.87666,..,..,..,..,..,..,..,12.41736,..,..,..,..,..,..,..,..,..,..
Rwanda,RWA,"UIS: Mean years of schooling (ISCED 1 or higher), population 25+ years, male",..,..,..,..,..,..,..,..,..,..,..,..,..,..,..,..,..,..,..,..,4.35918,..,4.63905,..,..,..,4.82713,..,..
Samoa,WSM,"UIS: Mean years of schooling (ISCED 1 or higher), population 25+ years, male",..,..,..,..,..,..,..,..,..,10.72114,..,..,..,..,..,..,..,..,..,11.70882,..,..,..,..,..,..,..,..,..
San Marino,SMR,"UIS: Mean years of schooling (ISCED 1 or higher), population 25+ years, male",..,..,..,..,..,..,..,..,..,..,..,..,..,..,..,..,..,..,..,..,..,..,..,..,..,..,10.64271,..,..
Sao Tome and Principe,STP,"UIS: Mean years of schooling (ISCED 1 or higher), population 25+ years, male",..,..,..,..,..,..,..,..,..,..,..,..,..,..,..,..,..,..,..,..,6.64523,..,..,..,..,..,..,..,..
Saudi Arabia,SAU,"UIS: Mean years of schooling (ISCED 1 or higher), population 25+ years, male",..,..,..,..,..,..,..,..,7.7687,..,..,..,8.13089,..,..,..,..,..,..,..,..,10.07565,..,..,..,10.522,..,..,..
Senegal,SEN,"UIS: Mean years of schooling (ISCED 1 or higher), population 25+ years, male",..,..,..,..,..,..,..,..,..,..,..,..,..,..,2.13409,..,..,..,..,3.18303,..,3.50733,..,..,..,4.1292,..,..,..
Serbia,SRB,"UIS: Mean years of schooling (ISCED 1 or higher), population 25+ years, male",..,..,..,..,..,..,..,..,..,..,8.6192,..,..,..,..,..,10.962,10.99737,11.05685,11.14607,..,11.12466,11.29434,11.50028,11.58726,11.6051,..,..,..
Seychelles,SYC,"UIS: Mean years of schooling (ISCED 1 or higher), population 25+ years, male",..,..,..,..,..,..,..,..,..,..,10.56397,..,..,..,..,..,..,..,..,..,..,..,..,..,..,..,..,..,..
Sierra Leone,SLE,"UIS: Mean years of schooling (ISCED 1 or higher), population 25+ years, male",..,..,..,..,..,..,..,..,..,..,..,..,..,..,..,..,..,..,..,..,..,..,..,..,..,..,..,..,..
Singapore,SGP,"UIS: Mean years of schooling (ISCED 1 or higher), population 25+ years, male",..,..,..,8.74176,..,..,..,..,..,..,..,..,..,11.1052,10.95215,10.77382,11.05442,11.0731,11.48607,11.5621,11.56835,11.70545,11.7397,12.05142,12.08026,11.86647,12.1125,..,..
Sint Maarten (Dutch part),SXM,"UIS: Mean years of schooling (ISCED 1 or higher), population 25+ years, male",..,..,..,..,..,..,..,..,..,..,..,..,..,..,..,..,..,..,..,..,..,..,..,..,..,..,..,..,..
Slovak Republic,SVK,"UIS: Mean years of schooling (ISCED 1 or higher), population 25+ years, male",..,..,..,..,..,..,..,..,..,9.08187,..,..,..,..,..,..,..,..,..,12.67099,12.34188,12.39742,12.74915,12.91114,12.96461,13.00435,..,..,..
Slovenia,SVN,"UIS: Mean years of schooling (ISCED 1 or higher), population 25+ years, male",..,..,..,..,..,..,..,..,..,..,..,..,12.26287,12.04995,12.10922,11.95211,12.19149,12.29423,12.32188,12.42724,12.44009,12.53809,12.58913,12.67688,12.74032,12.73979,..,..,..
Small states,SST,"UIS: Mean years of schooling (ISCED 1 or higher), population 25+ years, male",..,..,..,..,..,..,..,..,..,..,..,..,..,..,..,..,..,..,..,..,..,..,..,..,..,..,..,..,..
Solomon Islands,SLB,"UIS: Mean years of schooling (ISCED 1 or higher), population 25+ years, male",..,..,..,..,..,..,..,..,..,..,..,..,..,..,..,..,..,..,..,..,..,..,..,..,..,..,..,..,..
Somalia,SOM,"UIS: Mean years of schooling (ISCED 1 or higher), population 25+ years, male",..,..,..,..,..,..,..,..,..,..,..,..,..,..,..,..,..,..,..,..,..,..,..,..,..,..,..,..,..
South Africa,ZAF,"UIS: Mean years of schooling (ISCED 1 or higher), population 25+ years, male",..,..,..,..,..,..,..,..,..,7.79846,8.81993,9.12175,9.08542,9.25529,9.29938,9.39277,9.57903,9.91347,9.98352,9.91481,10.21029,..,10.38341,10.49304,..,10.29088,..,..,..
South Asia,SAS,"UIS: Mean years of schooling (ISCED 1 or higher), population 25+ years, male",..,..,..,..,..,..,..,..,..,..,..,..,..,..,..,..,..,..,..,..,..,..,..,..,..,..,..,..,..
South Asia (IDA & IBRD),TSA,"UIS: Mean years of schooling (ISCED 1 or higher), population 25+ years, male",..,..,..,..,..,..,..,..,..,..,..,..,..,..,..,..,..,..,..,..,..,..,..,..,..,..,..,..,..
South Sudan,SSD,"UIS: Mean years of schooling (ISCED 1 or higher), population 25+ years, male",..,..,..,..,..,..,..,..,..,..,..,..,..,..,..,..,6.19289,..,..,..,..,..,..,..,..,..,..,..,..
Spain,ESP,"UIS: Mean years of schooling (ISCED 1 or higher), population 25+ years, male",..,..,..,..,..,..,..,..,..,..,..,..,9.01197,9.29435,9.38321,9.47436,9.5209,9.55872,9.67342,9.78125,9.78388,..,9.96611,10.132,10.23251,..,10.34807,..,..
Sri Lanka,LKA,"UIS: Mean years of schooling (ISCED 1 or higher), population 25+ years, male",..,..,..,..,..,..,..,..,..,10.40786,..,..,..,..,..,..,10.27356,10.37709,..,..,..,..,..,..,10.5209,10.60633,10.64824,..,..
St. Kitts and Nevis,KNA,"UIS: Mean years of schooling (ISCED 1 or higher), population 25+ years, male",..,..,..,..,..,..,..,..,..,..,..,..,..,..,..,..,..,..,..,..,..,..,..,..,..,..,..,..,..
St. Lucia,LCA,"UIS: Mean years of schooling (ISCED 1 or higher), population 25+ years, male",..,..,..,..,..,..,..,..,..,..,..,..,..,..,..,..,..,..,8.08638,..,..,8.10693,..,..,..,..,..,..,..
St. Martin (French part),MAF,"UIS: Mean years of schooling (ISCED 1 or higher), population 25+ years, male",..,..,..,..,..,..,..,..,..,..,..,..,..,..,..,..,..,..,..,..,..,..,..,..,..,..,..,..,..
St. Vincent and the Grenadines,VCT,"UIS: Mean years of schooling (ISCED 1 or higher), population 25+ years, male",..,..,..,..,..,..,..,..,..,..,..,..,..,..,..,..,..,..,..,..,..,..,..,..,..,10.75115,..,..,..
Sub-Saharan Africa,SSF,"UIS: Mean years of schooling (ISCED 1 or higher), population 25+ years, male",..,..,..,..,..,..,..,..,..,..,..,..,..,..,..,..,..,..,..,..,..,..,..,..,..,..,..,..,..
Sub-Saharan Africa (excluding high income),SSA,"UIS: Mean years of schooling (ISCED 1 or higher), population 25+ years, male",..,..,..,..,..,..,..,..,..,..,..,..,..,..,..,..,..,..,..,..,..,..,..,..,..,..,..,..,..
Sub-Saharan Africa (IDA & IBRD countries),TSS,"UIS: Mean years of schooling (ISCED 1 or higher), population 25+ years, male",..,..,..,..,..,..,..,..,..,..,..,..,..,..,..,..,..,..,..,..,..,..,..,..,..,..,..,..,..
Sudan,SDN,"UIS: Mean years of schooling (ISCED 1 or higher), population 25+ years, male",..,..,..,..,..,..,..,..,..,..,..,..,..,..,..,..,..,..,..,..,..,..,..,..,..,..,..,..,..
Suriname,SUR,"UIS: Mean years of schooling (ISCED 1 or higher), population 25+ years, male",..,..,..,..,..,..,..,..,..,..,..,..,8.08189,..,..,..,..,..,..,..,9.18819,..,..,..,..,..,..,..,..
Sweden,SWE,"UIS: Mean years of schooling (ISCED 1 or higher), population 25+ years, male",11.05707,11.16349,11.25662,11.37698,..,..,..,..,..,..,..,..,12.10305,12.17598,12.23944,12.30293,12.09062,12.15173,12.21067,12.27154,12.32825,12.21796,12.26509,12.30996,12.35439,12.39988,..,..,..
Switzerland,CHE,"UIS: Mean years of schooling (ISCED 1 or higher), population 25+ years, male",..,..,..,..,..,..,..,..,..,..,..,..,..,..,..,..,..,14.01975,13.95175,13.93491,14.02331,..,14.42191,14.46213,14.43511,..,..,..,..
Syrian Arab Republic,SYR,"UIS: Mean years of schooling (ISCED 1 or higher), population 25+ years, male",..,..,..,..,..,..,..,..,..,..,5.34771,..,..,..,..,7.63386,7.09987,7.35852,..,..,..,..,..,..,..,..,..,..,..
Tajikistan,TJK,"UIS: Mean years of schooling (ISCED 1 or higher), population 25+ years, male",..,..,..,..,..,..,..,..,11.35808,..,..,..,..,..,..,..,..,..,..,..,..,..,..,..,..,11.92745,..,..,..
Tanzania,TZA,"UIS: Mean years of schooling (ISCED 1 or higher), population 25+ years, male",..,..,..,..,..,..,..,..,..,..,5.05274,..,..,..,..,..,..,..,..,..,6.09031,..,..,..,..,..,..,..,..
Thailand,THA,"UIS: Mean years of schooling (ISCED 1 or higher), population 25+ years, male",..,..,..,..,..,..,..,..,..,..,..,..,7.60787,..,7.42759,..,..,..,7.93442,..,..,8.15843,..,..,8.19174,..,8.67013,..,..
Timor-Leste,TLS,"UIS: Mean years of schooling (ISCED 1 or higher), population 25+ years, male",..,..,..,..,..,..,..,..,..,..,..,..,..,..,..,..,..,..,..,..,..,..,..,..,..,..,..,..,..
Togo,TGO,"UIS: Mean years of schooling (ISCED 1 or higher), population 25+ years, male",..,..,..,..,..,..,..,..,..,..,..,..,..,..,..,..,..,5.77561,..,5.58121,..,..,..,..,..,..,..,..,..
Tonga,TON,"UIS: Mean years of schooling (ISCED 1 or higher), population 25+ years, male",..,..,..,..,10.28397,..,..,..,..,..,..,..,..,..,10.04664,..,..,..,..,10.95225,..,..,..,..,..,..,..,..,..
Trinidad and Tobago,TTO,"UIS: Mean years of schooling (ISCED 1 or higher), population 25+ years, male",..,..,..,..,..,..,..,..,..,..,..,..,..,..,..,..,10.83943,10.84118,..,10.51536,..,..,..,..,..,..,..,..,..
Tunisia,TUN,"UIS: Mean years of schooling (ISCED 1 or higher), population 25+ years, male",..,..,..,..,..,..,..,..,..,..,..,..,..,..,..,..,7.47906,..,7.73519,7.93481,7.77614,..,..,..,7.99608,..,..,..,..
Turkiye,TUR,"UIS: Mean years of schooling (ISCED 1 or higher), population 25+ years, male",..,..,..,..,..,..,..,..,..,..,..,..,7.02712,7.19823,7.29287,7.3522,7.48301,7.65567,8.23551,8.5065,8.6199,8.53178,8.68472,8.83998,8.95451,9.11207,..,..,..
Turkmenistan,TKM,"UIS: Mean years of schooling (ISCED 1 or higher), population 25+ years, male",..,..,..,11.45449,..,..,..,..,..,..,..,..,..,..,..,..,..,..,..,..,..,..,..,..,..,..,..,..,..
Turks and Caicos Islands,TCA,"UIS: Mean years of schooling (ISCED 1 or higher), population 25+ years, male",..,..,..,..,..,..,..,..,..,..,..,..,..,..,..,..,..,..,..,..,..,..,..,..,..,..,..,..,..
Tuvalu,TUV,"UIS: Mean years of schooling (ISCED 1 or higher), population 25+ years, male",..,..,..,..,..,..,..,..,..,..,..,..,..,..,..,..,..,..,..,..,..,..,..,..,..,..,..,..,..
Uganda,UGA,"UIS: Mean years of schooling (ISCED 1 or higher), population 25+ years, male",..,..,..,..,..,..,..,..,..,..,5.25151,..,..,..,..,..,5.17103,..,6.27235,..,6.33898,..,..,..,..,..,..,..,..
Ukraine,UKR,"UIS: Mean years of schooling (ISCED 1 or higher), population 25+ years, male",..,..,..,..,..,..,..,..,..,11.29624,..,..,..,..,..,..,..,..,..,..,..,..,..,..,..,..,..,..,..
United Arab Emirates,ARE,"UIS: Mean years of schooling (ISCED 1 or higher), population 25+ years, male",..,..,..,..,..,..,..,..,..,..,..,..,..,8.74556,..,..,..,..,..,..,..,..,..,..,..,12.42786,12.74428,..,..
United Kingdom,GBR,"UIS: Mean years of schooling (ISCED 1 or higher), population 25+ years, male",..,..,..,..,..,..,..,..,..,..,..,..,..,..,..,..,..,13.35049,13.47053,13.46832,13.58462,12.96427,12.98754,..,..,13.24225,..,..,..
United States,USA,"UIS: Mean years of schooling (ISCED 1 or higher), population 25+ years, male",..,..,13.0101,..,..,..,..,..,..,..,..,..,13.06879,13.0492,13.10184,..,13.18932,13.19872,13.23445,13.30277,13.35173,13.24691,13.25032,13.27818,13.36257,..,13.70737,..,..
Upper middle income,UMC,"UIS: Mean years of schooling (ISCED 1 or higher), population 25+ years, male",..,..,..,..,..,..,..,..,..,..,..,..,..,..,..,..,..,..,..,..,..,..,..,..,..,..,..,..,..
Uruguay,URY,"UIS: Mean years of schooling (ISCED 1 or higher), population 25+ years, male",..,..,..,..,7.34716,..,..,..,..,..,..,8.74712,..,..,7.82792,..,8.19873,8.20331,8.16006,8.19417,8.24717,8.28621,8.35254,8.4088,8.4214,8.55568,8.62677,..,..
Uzbekistan,UZB,"UIS: Mean years of schooling (ISCED 1 or higher), population 25+ years, male",..,..,..,..,..,..,..,..,..,..,..,..,..,..,..,..,..,..,..,..,..,11.51212,11.57484,11.59185,11.94813,..,12.00164,..,..
Vanuatu,VUT,"UIS: Mean years of schooling (ISCED 1 or higher), population 25+ years, male",..,..,..,..,..,..,..,..,..,..,..,..,..,..,..,..,..,..,..,..,..,..,..,..,..,..,..,..,..
"Venezuela, RB",VEN,"UIS: Mean years of schooling (ISCED 1 or higher), population 25+ years, male",..,..,..,..,..,..,..,..,..,..,..,..,..,..,7.43969,7.87969,7.99685,8.08713,..,8.59331,..,..,..,9.2941,10.01145,..,..,..,..
Viet Nam,VNM,"UIS: Mean years of schooling (ISCED 1 or higher), population 25+ years, male",..,..,..,..,..,..,..,..,..,..,..,..,..,..,..,..,..,8.18427,..,..,..,..,..,..,..,..,..,..,..
Virgin Islands (U.S.),VIR,"UIS: Mean years of schooling (ISCED 1 or higher), population 25+ years, male",..,..,..,..,..,..,..,..,..,..,..,..,..,..,..,..,..,..,..,..,..,..,..,..,..,..,..,..,..
West Bank and Gaza,PSE,"UIS: Mean years of schooling (ISCED 1 or higher), population 25+ years, male",..,..,..,..,..,..,..,..,..,..,..,..,8.65451,..,8.7003,8.82777,8.85406,9.1703,9.16625,9.36727,9.5517,9.26456,9.28541,9.37948,9.37827,..,9.63667,..,..
World,WLD,"UIS: Mean years of schooling (ISCED 1 or higher), population 25+ years, male",..,..,..,..,..,..,..,..,..,..,..,..,..,..,..,..,..,..,..,..,..,..,..,..,..,..,..,..,..
"Yemen, Rep.",YEM,"UIS: Mean years of schooling (ISCED 1 or higher), population 25+ years, male",..,..,..,..,..,..,..,..,..,..,..,..,..,..,..,..,..,..,..,..,..,..,..,..,..,..,..,..,..
Zambia,ZMB,"UIS: Mean years of schooling (ISCED 1 or higher), population 25+ years, male",..,..,..,..,..,..,..,..,..,..,..,..,..,..,..,..,..,..,..,..,..,..,..,..,..,..,..,..,..
Zimbabwe,ZWE,"UIS: Mean years of schooling (ISCED 1 or higher), population 25+ years, male",6.71493,..,..,..,..,..,..,..,..,..,7.80468,..,..,..,..,..,..,..,..,..,8.30095,..,8.97092,..,..,8.923,..,..,..
,,,,,,,,,,,,,,,,,,,,,,,,,,,,,,,
,,,,,,,,,,,,,,,,,,,,,,,,,,,,,,,
,,,,,,,,,,,,,,,,,,,,,,,,,,,,,,,
Data from database: Education Statistics: Education Attainment,,,,,,,,,,,,,,,,,,,,,,,,,,,,,,,
Last Updated: 06/25/2024,,,,,,,,,,,,,,,,,,,,,,,,,,,,,,,